white,black,asian,hispanic
0.7679195991393343,0.32040569796423024,0.7322542399092521,0.5345324286417988
