white,black,asian,hispanic
0.7667495251594126,0.314379779827649,0.732254239909263,0.5185907643311886
