white,black,hispanic,asian
0.759185,0.315164,0.550595,0.80066
