Demographic,P(race)
white,0.7651094244658052
black,0.10499462788786937
hispanic,0.08447143587651611
asian,0.04542451176980931
