white,black,hispanic,asian
0.749999,0.329064,0.550595,0.80066
