white,black,hispanic,asian
0.7755102040816315,0.29896907216495305,0.5454545454545371,0.8064516129032337
