Demographic,Sample Size,Percentage
white,133165,0.7651094244658052
black,18274,0.10499462788786937
hispanic,14702,0.08447143587651611
asian,7906,0.04542451176980931
